# Uthmani rasm -> simple spelling, for search text only (norm-v2).
# Derived from Tanzil Quran Text (Uthmani and Simple), (C) Tanzil Project, CC BY 3.0, tanzil.net.
# Generated by scripts/fetch_sources.py; do not edit by hand.
ءاباءكم	اباءكم
ءاباءنا	اباءنا
ءاباءهم	اباءهم
ءاباوكم	اباوكم
ءاباونا	اباونا
ءاباوهم	اباوهم
ءابايكم	ابايكم
ءاباينا	اباينا
ءابايهم	ابايهم
ءابايهن	ابايهن
ءاتنا	اتنا
ءاتوني	اتوني
ءاتيتم	اتيتم
ءاتيتموهن	اتيتموهن
ءاتينك	اتيناك
ءاتينكم	اتيناكم
ءاتينه	اتيناه
ءاتينهم	اتيناهم
ءاتيهم	اتاهم
ءاتيهما	اتاهما
ءاثرهم	اثارهم
ءاخر	اخر
ءاخرين	اخرين
ءادم	ادم
ءاذان	اذان
ءاذانهم	اذانهم
ءاذن	اذن
ءال	ال
ءالاء	الاء
ءالذكرين	الذكرين
ءالف	الاف
ءالله	الله
ءالن	الان
ءالهتكم	الهتكم
ءالهتهم	الهتهم
ءالهه	الهه
ءامن	امن
ءامنا	امنا
ءامنت	امنت
ءامنوا	امنوا
ءامنون	امنون
ءامنين	امنين
ءاناء	اناء
ءانتم	اانتم
ءانذرتهم	اانذرتهم
ءانست	انست
ءاووا	اووا
ءاوي	اوي
ءاياتنا	اياتنا
ءايت	ايات
ءايتنا	اياتنا
ءايته	اياته
ءايتي	اياتي
ءايه	ايه
اءذا	ااذا
اءله	االه
اءنا	اانا
اءنك	اانك
ابتليه	ابتلاه
ابرهم	ابراهيم
ابرهيم	ابراهيم
ابصرهم	ابصارهم
ابوب	ابواب
ابوبا	ابوابا
ابوبها	ابوابها
اتينهم	اتيناهم
اثثا	اثاثا
احديهما	احداهما
احسنا	احسانا
احصينه	احصيناه
احلم	احلام
اخذنهم	اخذناهم
اخوتهن	اخواتهن
اخونا	اخوانا
اخونهن	اخوانهن
ادبرهم	ادبارهم
ادريك	ادراك
اذقنه	اذقناه
ارءيت	ارايت
ارءيتكم	ارايتكم
ارءيتم	ارايتم
ارسلنك	ارسلناك
اريك	اراك
اريني	اراني
ازوج	ازواج
ازوجا	ازواجا
ازوجكم	ازواجكم
ازوجنا	ازواجنا
ازوجهم	ازواجهم
استطعوا	استطاعوا
استقموا	استقاموا
اسحق	اسحاق
اسرءيل	اسراييل
اسطير	اساطير
اسلكم	اسالكم
اسمعيل	اسماعيل
اشتريه	اشتراه
اصبتكم	اصابتكم
اصبتهم	اصابتهم
اصبعهم	اصابعهم
اصبكم	اصابكم
اصحب	اصحاب
اصلحا	اصلاحا
اضغث	اضغاث
اعقبكم	اعقابكم
اعملكم	اعمالكم
اعملنا	اعمالنا
اعملهم	اعمالهم
اعنب	اعناب
اعنقهم	اعناقهم
افاين	افان
افبالبطل	افبالباطل
افتريه	افتراه
افدتهم	افيدتهم
افده	افيده
افرءيت	افرايت
افرءيتم	افرايتم
افوههم	افواههم
الابصر	الابصار
الابوب	الابواب
الاحسن	الاحسان
الادبر	الادبار
الازوج	الازواج
الاسلم	الاسلام
الاشهد	الاشهاد
الاغلل	الاغلال
الالبب	الالباب
الامثل	الامثال
الامول	الاموال
الانسن	الانسان
الانعم	الانعام
الانهر	الانهار
الايت	الايات
البطل	الباطل
البلغ	البلاغ
البنت	البنات
البينت	البينات
التوريه	التوراه
الثمرت	الثمرات
الجلل	الجلال
الجهلون	الجاهلون
الجهلين	الجاهلين
الجهليه	الجاهليه
الحكمين	الحاكمين
الحيوه	الحياه
الخسرون	الخاسرون
الخسرين	الخاسرين
الخلقون	الخالقون
الخلقين	الخالقين
الخيرت	الخيرات
الدرجت	الدرجات
الرءيا	الرويا
الربوا	الربا
الرحمين	الراحمين
الرزقين	الرازقين
الزكوه	الزكاه
السجدين	الساجدين
السموت	السماوات
السيات	السييات
الشفعه	الشفاعه
الشكرين	الشاكرين
الشهده	الشهاده
الشهدين	الشاهدين
الشهوت	الشهوات
الشيطن	الشيطان
الشيطين	الشياطين
الصبرين	الصابرين
الصدقت	الصدقات
الصدقون	الصادقون
الصدقين	الصادقين
الصرط	الصراط
الصعقه	الصاعقه
الصغرين	الصاغرين
الصلحت	الصالحات
الصلحون	الصالحون
الصلحين	الصالحين
الصلوه	الصلاه
الصوعق	الصواعق
الضعفوا	الضعفاء
الضلل	الضلال
الضلله	الضلاله
الطغوت	الطاغوت
الطلق	الطلاق
الطيبت	الطيبات
الظلمت	الظلمات
الظلمون	الظالمون
الظلمين	الظالمين
العدوه	العداوه
العلمين	العالمين
العملين	العاملين
الغبرين	الغابرين
الغفر	الغفار
الغفلون	الغافلون
الغفلين	الغافلين
الغلبون	الغالبون
الغلبين	الغالبين
الفحشه	الفاحشه
الفسقون	الفاسقون
الفسقين	الفاسقين
الفوحش	الفواحش
القرءان	القران
القسطون	القاسطون
القعدين	القاعدين
الكتب	الكتاب
الكذبون	الكاذبون
الكذبين	الكاذبين
الكفرون	الكافرون
الكفرين	الكافرين
المجهدين	المجاهدين
المحصنت	المحصنات
المشمه	المشامه
المكرين	الماكرين
المليكه	الملايكه
المنفقون	المنافقون
المنفقين	المنافقين
المهجرين	المهاجرين
المومنت	المومنات
النبين	النبيين
النصري	النصاري
الوحد	الواحد
الورثون	الوارثون
الورثين	الوارثين
الولدن	الولدان
الونه	الوانه
الونها	الوانها
اليتمي	اليتامي
اليل	الليل
املق	املاق
امهتكم	امهاتكم
امهتهم	امهاتهم
اموتا	امواتا
امول	اموال
امولا	اموالا
امولكم	اموالكم
امولهم	اموالهم
انبوا	انباء
انثا	اناثا
انزلنه	انزلناه
انعما	انعاما
انهرا	انهارا
اهلكنها	اهلكناها
اهلكنهم	اهلكناهم
اوءاباونا	اواباونا
اوثنا	اوثانا
اولدكم	اولادكم
اولدهم	اولادهم
اولوا	اولو
ايمن	ايمان
ايمنا	ايمانا
ايمنكم	ايمانكم
ايمنه	ايمانه
ايمنها	ايمانها
ايمنهم	ايمانهم
ايمنهن	ايمانهن
باسحق	باسحاق
بافوههم	بافواههم
بالايت	بالايات
بالايمن	بالايمان
بالبطل	بالباطل
بالبينت	بالبينات
بالحيوه	بالحياه
بالصلحين	بالصالحين
بالصلوه	بالصلاه
بالظلمين	بالظالمين
بالغدوه	بالغداه
بالقرءان	بالقران
بالكتب	بالكتاب
بالكفرين	بالكافرين
باليل	بالليل
بامول	باموال
بامولكم	باموالكم
بامولهم	باموالهم
بايت	بايات
بايتنا	باياتنا
بايته	باياته
بايتي	باياتي
بجهله	بجهاله
بخرجين	بخارجين
بخع	باخع
بخلقهم	بخلاقهم
بركنا	باركنا
برهن	برهان
برهنكم	برهانكم
بسلطن	بسلطان
بسلم	بسلام
بسيمهم	بسيماهم
بسيميهم	بسيماهم
بطلا	باطلا
بعثنهم	بعثناهم
بغفل	بغافل
بغلم	بغلام
بفكهه	بفاكهه
بكتب	بكتاب
بكلمت	بكلمات
بكلمته	بكلماته
بلغه	بالغه
بمصبيح	بمصابيح
بنينا	بنيانا
بنينه	بنيانه
بنينها	بنيناها
بنينهم	بنيانهم
بنيها	بناها
بهتنا	بهتانا
بولديه	بوالديه
تبرك	تبارك
تتلوا	تتلو
تتوفيهم	تتوفاهم
تجدل	تجادل
تجره	تجاره
تخطبني	تخاطبني
تربا	ترابا
ترضيه	ترضاه
تسلهم	تسالهم
تسلون	تسالون
تشبه	تشابه
تظهرا	تظاهرا
تعلي	تعالي
ثلث	ثلاث
ثلثه	ثلاثه
ثمرت	ثمرات
ثمنيه	ثمانيه
جاءو	جاءوا
جثمين	جاثمين
جزوا	جزاء
جزوه	جزاوه
جزينهم	جزيناهم
جعلنك	جعلناك
جعلنكم	جعلناكم
جعلنه	جعلناه
جعلنها	جعلناها
جعلنهم	جعلناهم
جنت	جنات
جهداك	جاهداك
جهدوا	جاهدوا
جينك	جيناك
حسرت	حسرات
حش	حاش
حشرين	حاشرين
حطما	حطاما
حفظون	حافظون
حفظين	حافظين
حللا	حلالا
حيوه	حياه
خسرين	خاسرين
خسين	خاسيين
خشعه	خاشعه
خشعين	خاشعين
خطيكم	خطاياكم
خطينا	خطايانا
خلدا	خالدا
خلدون	خالدون
خلدين	خالدين
خلقنكم	خلقناكم
خلقنه	خلقناه
خلقنهم	خلقناهم
خلل	خلال
خلله	خلاله
خللها	خلالها
خليف	خلايف
داود	داوود
دخرون	داخرون
درجت	درجات
دعويهم	دعواهم
ديركم	دياركم
ديرهم	ديارهم
رءا	راي
رءاه	راه
رجعون	راجعون
رزقنكم	رزقناكم
رزقنهم	رزقناهم
رسلت	رسالات
رضون	رضوان
رضونه	رضوانه
رعون	راعون
رغبون	راغبون
رودته	راودته
روسي	رواسي
زدنهم	زدناهم
زكوه	زكاه
ساوريكم	ساريكم
سبحن	سبحان
سبحنك	سبحانك
سبحنه	سبحانه
سجدين	ساجدين
سلطن	سلطان
سلطنا	سلطانا
سلله	سلاله
سليمن	سليمان
سمعون	سماعون
سموت	سماوات
سوءتهما	سواتهما
سيات	سييات
سياتكم	سيياتكم
سياته	سيياته
سياتهم	سيياتهم
شركاءي	شركايي
شركوا	شركاء
شعير	شعاير
شفعتهم	شفاعتهم
شفعه	شفاعه
شهدا	شاهدا
شهدت	شهادات
شهده	شهاده
شهدين	شاهدين
شيا	شييا
شيطن	شيطان
شيطنا	شيطانا
صحبه	صاحبه
صدقين	صادقين
صرط	صراط
صرطا	صراطا
صعقه	صاعقه
صغرون	صاغرون
صفت	صافات
صلحين	صالحين
صلصل	صلصال
ضحيها	ضحاها
ضلل	ضلال
ضللا	ضلالا
ضللتهم	ضلالتهم
طغينا	طغيانا
طغينهم	طغيانهم
طيبت	طيبات
طيركم	طايركم
ظلمنهم	ظلمناهم
ظلمون	ظالمون
ظلمين	ظالمين
ظهرا	ظاهرا
عبدون	عابدون
عدون	عدوان
عظما	عظاما
عكفون	عاكفون
عكفين	عاكفين
علمنه	علمناه
علمين	عالمين
عمرن	عمران
عملون	عاملون
عهدتم	عاهدتم
عهدوا	عاهدوا
غشوه	غشاوه
غفلون	غافلون
غفلين	غافلين
غلم	غلام
غلما	غلاما
غيبت	غيابت
فاتيهم	فاتاهم
فاخذنه	فاخذناه
فاخذنهم	فاخذناهم
فاخونكم	فاخوانكم
فاغرقنهم	فاغرقناهم
فانجينه	فانجيناه
فانسيهم	فانساهم
فاهلكنهم	فاهلكناهم
فتريه	فتراه
فتعلي	فتعالي
فتيتكم	فتياتكم
فجعلنه	فجعلناه
فجعلنها	فجعلناها
فجعلنهم	فجعلناهم
فحشه	فاحشه
فرءاه	فراه
فسبحن	فسبحان
فسقون	فاسقون
فسقين	فاسقين
فسل	فاسال
فسلوا	فاسالوا
فسويها	فسواها
فشربون	فشاربون
فصلنه	فصلناه
فعلين	فاعلين
فقتلوا	فقاتلوا
فكهه	فاكهه
فمالون	فماليون
فمتع	فمتاع
فنبذنهم	فنبذناهم
فنجينه	فنجيناه
فوكه	فواكه
فيضعفه	فيضاعفه
قتلوكم	قاتلوكم
قدرين	قادرين
قرءان	قران
قرءانا	قرانا
قرءنا	قرانا
قصرت	قاصرات
قنتت	قانتات
قنتون	قانتون
كالاعلم	كالاعلام
كالانعم	كالانعام
كتبا	كتابا
كتبه	كتابه
كذبين	كاذبين
كرهون	كارهون
كفرون	كافرون
كفرين	كافرين
لابرهيم	لابراهيم
لاخونهم	لاخوانهم
لاصحب	لاصحاب
لامنتهم	لاماناتهم
لايت	لايات
لتسلن	لتسالن
لجعلنه	لجعلناه
لحفظون	لحافظون
لخسرون	لخاسرون
لصحبه	لصاحبه
لصدقون	لصادقون
لعبين	لاعبين
لغفلين	لغافلين
لفتيه	لفتاه
لقدرون	لقادرون
لكذبون	لكاذبون
لكلمت	لكلمات
لكلمته	لكلماته
للاسلم	للاسلام
للانسن	للانسان
للايمن	للايمان
للشربين	للشاربين
للطغين	للطاغين
للظلمين	للظالمين
للعلمين	للعالمين
للكفرين	للكافرين
للمليكه	للملايكه
للنظرين	للناظرين
لمحي	لمحيي
لميقتنا	لميقاتنا
لهديكم	لهداكم
لوقع	لواقع
ليكه	الايكه
ماويهم	ماواهم
مبركه	مباركه
مبينت	مبينات
متشبه	متشابه
متشبها	متشابها
متع	متاع
متعا	متاعا
متقبلين	متقابلين
متكين	متكيين
مددنها	مددناها
مرسيها	مرساها
مسخرت	مسخرات
مسفحين	مسافحين
مسولا	مسيولا
معدودت	معدودات
معروشت	معروشات
معيش	معايش
مكنكم	مكناكم
مكنهم	مكناهم
ملقوا	ملاقو
مليكه	ملايكه
منفع	منافع
موزينه	موازينه
موليكم	مولاكم
مولينا	مولانا
موليه	مولاه
موليهم	مولاهم
مومنت	مومنات
ميثق	ميثاق
ميثقا	ميثاقا
ميثقكم	ميثاقكم
ميثقه	ميثاقه
ميثقهم	ميثاقهم
ميرث	ميراث
ميقت	ميقات
نبوا	نبا
نجيهم	نجاهم
نحي	نحيي
ندعوا	ندعو
ندمين	نادمين
نصري	نصاري
نصرين	ناصرين
نقتل	نقاتل
نكلا	نكالا
هديكم	هداكم
هديني	هداني
هديهم	هداهم
هرون	هارون
هنيا	هنييا
ههنا	هاهنا
هويه	هواه
وءاباءهم	واباءهم
وءاباوكم	واباوكم
وءاباونا	واباونا
وءاتوا	واتوا
وءاتي	واتي
وءاتيتم	واتيتم
وءاتينا	واتينا
وءاتينه	واتيناه
وءاتينهم	واتيناهم
وءاثارا	واثارا
وءاخر	واخر
وءاخرون	واخرون
وءاخرين	واخرين
وءال	وال
وءامن	وامن
وءامنتم	وامنتم
وءامنوا	وامنوا
وءايته	واياته
وءايه	وايه
وابرهيم	وابراهيم
واختلف	واختلاف
واخوتكم	واخواتكم
واخونهم	واخوانهم
وادبر	وادبار
وادبرهم	وادبارهم
وازوجكم	وازواجكم
وازوجهم	وازواجهم
واسحق	واسحاق
واسمعيل	واسماعيل
واصحب	واصحاب
واعنب	واعناب
والابصر	والابصار
والابكر	والابكار
والاعنب	والاعناب
والافده	والافيده
والانعم	والانعام
والاولد	والاولاد
والايمن	والايمان
والبقيت	والباقيات
والخمسه	والخامسه
والزكوه	والزكاه
والسبقون	والسابقون
والسلم	والسلام
والسموت	والسماوات
والشهده	والشهاده
والشيطين	والشياطين
والصبرين	والصابرين
والصبين	والصابيين
والصدقين	والصادقين
والصلحين	والصالحين
والصلوه	والصلاه
والطيبت	والطيبات
والعدون	والعدوان
والعقبه	والعاقبه
والفوحش	والفواحش
والقرءان	والقران
والقنتين	والقانتين
والكتب	والكتاب
والكفرون	والكافرون
والمحصنت	والمحصنات
والمشركت	والمشركات
والمليكه	والملايكه
والمنفقت	والمنافقات
والمهجرين	والمهاجرين
والموتفكت	والموتفكات
والمومنت	والمومنات
والنبين	والنبيين
والنصري	والنصاري
والولدن	والولدان
واليتمي	واليتامي
واليل	والليل
وامولهم	واموالهم
وانعم	وانعام
وانهر	وانهار
وانهرا	وانهارا
واورثنها	واورثناها
واولدا	واولادا
واولدكم	واولادكم
واولوا	واولو
وايدنه	وايدناه
وايي	واياي
وبالولدين	وبالوالدين
وتريهم	وتراهم
وتعلي	وتعالي
وثلث	وثلاث
وثمودا	وثمود
وجاءو	وجاءوا
وجايء	وجيء
وجعلنه	وجعلناه
وجعلنها	وجعلناها
وجعلنهم	وجعلناهم
وجهدوا	وجاهدوا
وحد	واحد
وحدا	واحدا
وذريتهم	وذرياتهم
وربع	ورباع
ورزقنهم	ورزقناهم
ورضون	ورضوان
ورضونا	ورضوانا
ورفتا	ورفاتا
وزوجنهم	وزوجناهم
وزينها	وزيناها
وسبحن	وسبحان
وسل	واسال
وسلطن	وسلطان
وسلم	وسلام
وسليمن	وسليمان
وصحبته	وصاحبته
وصلوت	وصلوات
وصيكم	وصاكم
وعظما	وعظاما
وعلمنه	وعلمناه
وفصله	وفصاله
وفضلنهم	وفضلناهم
وفكهه	وفاكهه
وقتلوهم	وقاتلوهم
وقرءان	وقران
وقرون	وقارون
وقطعنهم	وقطعناهم
ولانعمكم	ولانعامكم
ولدن	ولدان
ولدي	والدي
ولسليمن	ولسليمان
وللكفرين	وللكافرين
ولولدي	ولوالدي
وماويكم	وماواكم
وماويه	وماواه
وماويهم	وماواهم
ومتع	ومتاع
ومتعا	ومتاعا
ومسكن	ومساكن
وملايه	ومليه
ومليكته	وملايكته
ومنفع	ومنافع
ونا	وناي
ونجويهم	ونجواهم
ونجينه	ونجيناه
وهرون	وهارون
وهمن	وهامان
ووقيهم	ووقاهم
ويسلونك	ويسالونك
ويعفوا	ويعفو
يبدوا	يبدا
يتخفتون	يتخافتون
يتلوا	يتلو
يتنزعون	يتنازعون
يتوفيكم	يتوفاكم
يجدل	يجادل
يجدلون	يجادلون
يجدلونك	يجادلونك
يجهدوا	يجاهدوا
يحي	يحيي
يدعوا	يدعو
يرجوا	يرجو
يستخرون	يستاخرون
يستذنك	يستاذنك
يستذنونك	يستاذنونك
يستهزءون	يستهزيون
يستون	يستوون
يسرعون	يسارعون
يسرنه	يسرناه
يسل	يسال
يسلكم	يسالكم
يسلون	يسالون
يسلونك	يسالونك
يصليها	يصلاها
يضعف	يضاعف
يقتلوكم	يقاتلوكم
يقتلونكم	يقاتلونكم
يلقوا	يلاقوا
يلقيها	يلقاها
ينهيكم	ينهاكم
